id,name,name_local,summary,type,focus,leadership,mode,country,country_name,region,lat,lng,languages,url,source_url,founded,added,verified,added_by,notes
disfam-argentina,DISFAM Argentina,,"The Argentine chapter of the international DISFAM dyslexia network, raising awareness of dyslexia and other learning disabilities and pushing schools and education ministries toward detection and support protocols since 2013.",advocacy,dyslexia|learning-disabilities,ally-led,hybrid,AR,Argentina,"Pilar, Buenos Aires Province",-34.45,-58.91,es,https://www.disfamargentina.org/,https://disfam.org/argentina/,2013,2026-09-08,2026-09-08,editorial,"Founded by parents, teachers and health professionals; part of the Spain-headquartered international DISFAM network, not an independent Argentine organization."
fubipa-argentina,FUBIPA (Argentine Bipolar Foundation),Fundación Bipolares de la República Argentina,"A Buenos Aires mutual-aid foundation for people with bipolar disorder and their families, running free peer support groups since 1989 alongside professional-led psychoeducation workshops.",community,bipolar,mixed,hybrid,AR,Argentina,"Buenos Aires, CABA",-34.62,-58.4,es,https://fubipa.org.ar/,https://fubipa.org.ar/nuestra-historia/,1989,2026-09-08,2026-09-08,editorial,"Founded by two psychiatrists, two people with bipolar disorder, and a family member; describes itself as the oldest volunteer association for serious mental disorders in Latin America. Peer-run mutual-aid groups; governing council traditionally chaired by a professional."
locura-en-argentina,Mad in Argentina,Locura en Argentina,"An editorial platform on mad culture, mental health and neurodiversity in Argentina, part of the international Mad in the World network, publishing essays and interviews from activists, journalists and a national disability-agency staffer.",media,mad-pride|neurodiversity-general,mixed,online,AR,Argentina,Buenos Aires (national scope),-34.64,-58.44,es,https://locuraenargentina.org/,https://locuraenargentina.org/,,2026-09-08,2026-09-08,editorial,Team includes a self-described Latin American mad-movement activist alongside journalists; actively publishing as of September 2026.
orgullo-loco-buenos-aires,Mad Pride Buenos Aires (Orgullo Loco),Orgullo Loco Buenos Aires,"A Buenos Aires platform of mutual support and activism run by neurodivergent and psychiatric-survivor people, organizing around Mad Pride to contest psychiatric stigma, pathologization and institutionalization.",advocacy,mad-pride|neurodiversity-general,nd-led,hybrid,AR,Argentina,"Buenos Aires, CABA",-34.6,-58.38,es,https://www.facebook.com/orgullolocoba/,https://www.facebook.com/orgullolocoba/,,2026-09-08,2026-09-08,editorial,Self-describes as a platform of association and mutual support formed by neurodivergent people; corroborated by Pikara Magazine and academic literature on the Latin American Orgullo Loco movement. Facebook is its only confirmed public presence.
amaze,Amaze,,"Victoria's peak autism body, providing information, advocacy, and support for autistic people and their families.",advocacy,autism,mixed,hybrid,AU,Australia,"Melbourne, Victoria",-37.8,144.95,en,https://www.amaze.org.au/,https://www.amaze.org.au/about-amaze/our-board/,,2026-09-08,2026-09-08,editorial,Board includes at least one autistic member alongside parents of autistic adults; not stated as autistic-led.
autism-crc,Autism CRC (Cooperative Research Centre for Living with Autism),,"University of Queensland-based Australian research centre, established in 2013, co-funding participatory autism research and programmes such as the DXC Dandelion employment programme.",research,autism,mixed,hybrid,AU,Australia,"Brisbane, Queensland",-27.5,153.01,en,https://www.autismcrc.com.au/,https://www.autismcrc.com.au/,2013,2026-09-08,2026-09-08,editorial,"Academic-run, not self-advocate-led."
asan-aunz,Autistic Self Advocacy Network Australia and New Zealand (ASAN AUNZ),,Grassroots autistic-led advocacy network doing systemic advocacy and self-advocacy skill-building across Australia and New Zealand.,advocacy,autism|neurodiversity-general,nd-led,online,AU,Australia,"Melbourne, Victoria",-37.81,144.96,en,https://www.asan-aunz.org/,https://www.asan-aunz.org/,,2026-09-08,2026-09-08,editorial,Binational (Australia and New Zealand); member of the Australian Autism Alliance; organisationally distinct from ASAN in the USA.
dxc-dandelion-program,DXC Dandelion Program,,"Corporate autism employment initiative run by DXC Technology since 2014, in partnership with universities and Autism CRC, with 17 teams and over 250 autistic employees across Australia.",work,autism,ally-led,physical,AU,Australia,"Sydney, New South Wales",-33.88,151.2,en,https://dxc.com/au/en/about-us/social-impact-practice/dxc-dandelion-program,https://dxc.com/au/en/about-us/social-impact-practice/dxc-dandelion-program,2014,2026-09-08,2026-09-08,editorial,"Reports 92% retention rate among autistic employees; a corporate CSR programme, not autistic-led."
i-can-network,I CAN Network,,Autistic-led group mentoring organisation delivering school-based and online mentoring programmes for autistic and neurodivergent young people in Australia and New Zealand.,education,autism|neurodiversity-general,nd-led,hybrid,AU,Australia,"Geelong, Victoria",-38.15,144.36,en,https://icannetwork.online/,https://icannetwork.online/about-i-can-network/,2013,2026-09-08,2026-09-08,editorial,Founder is autistic; reports 77% of staff are autistic and requires a minimum of half; reaches both Australia and New Zealand.
rawcus,Rawcus,,Melbourne ensemble theatre company creating devised performance work with an ensemble of performers with and without disability.,arts,intellectual-disability|neurodiversity-general,mixed,physical,AU,Australia,"Melbourne, Victoria",-37.82,144.96,en,https://rawcus.org.au/,https://rawcus.org.au/about-us/,2000,2026-09-08,2026-09-08,editorial,"Originated via a partnership between Theatreworks, disability organisation Scope, and the City of Port Phillip. Site returns 406 to a bare curl user agent."
reframing-autism,Reframing Autism,,"Australian registered charity providing education, resources, courses, and advocacy on autism, run by and for autistic people.",advocacy,autism|neurodiversity-general,nd-led,online,AU,Australia,"Sydney, New South Wales",-33.87,151.21,en,https://reframingautism.org.au/,https://reframingautism.org.au/about-us/,,2026-09-08,2026-09-08,editorial,Operates nationally with no single fixed HQ city stated; registered with the ACNC.
yellow-ladybugs,Yellow Ladybugs,,"Autistic-led Australian organisation running community events, education, and advocacy for autistic girls, women, and gender-diverse people.",community,autism|neurodiversity-general,nd-led,hybrid,AU,Australia,"Moonee Ponds, Melbourne, Victoria",-37.77,144.92,en,https://www.yellowladybugs.com.au/,https://www.yellowladybugs.com.au/,,2026-09-08,2026-09-08,editorial,CEO/founder is autistic; site states it is 'proudly autistic-led and neuro affirming'.
swac-bangladesh,The Society for the Welfare of Autistic Children (SWAC),,"Dhaka-based nonprofit founded in 2000 by parents of autistic individuals, running a school, therapy services, respite care, and a social enterprise for people with autism.",education,autism,ally-led,physical,BD,Bangladesh,"Adabar, Dhaka",23.78,90.37,bn|en,https://autism-swacbd.org/,https://www.autismaroundtheglobe.org/story/swac-a-praiseworthy-parent-initiative-in-bangladesh/,2000,2026-09-08,2026-09-08,editorial,Executive Committee is mainly composed of parents of autistic individuals.
collectif-autiste-belgique,Collectif Autiste de Belgique,,"A peer-support collective created by and for autistic adults, or those questioning their neurotype, in French-speaking Belgium, offering meetings and mutual aid to fill gaps in adult autism support.",community,autism,nd-led,hybrid,BE,Belgium,Brussels,50.8503,4.3517,fr,https://collectifautiste.be/,https://collectifautiste.be/,,2026-09-08,2026-09-08,editorial,Founding year not stated on the site. Listed in the Maison de l'Autisme Brussels directory alongside other Belgian autism organisations.
abda-tdah,ABDA - Brazilian Attention Deficit Association,Associação Brasileira do Déficit de Atenção (ABDA),"National patient association for ADHD, founded in Rio de Janeiro in 1999 and affiliated with the ADHD World Federation. Runs free monthly support groups in eight cities, trains health and education professionals, and helped shape Brazil's 2021 federal law on student health and education rights.",advocacy,adhd,unknown,hybrid,BR,Brazil,"Rio de Janeiro, Rio de Janeiro",-22.91,-43.17,pt,https://tdah.org.br/,https://www.youtube.com/@AbdaTdahAbda,1999,2026-09-08,2026-09-08,editorial,"Official domain tdah.org.br did not respond during verification (connection timeout from this network, DNS resolves fine); existence and current activity confirmed via its active YouTube channel and USP-hosted institutional materials referencing it."
abraca-br,ABRACA - Brazilian Association for Action for the Rights of Autistic People,Associação Brasileira para Ação por Direitos das Pessoas Autistas (ABRAÇA),"A national rights organization for autistic people, based in Fortaleza, Ceará. States it is led by autistic people and allied human-rights defenders, and works on self-advocacy, deinstitutionalization, and legal protections grounded in neurodiversity and the CRPD.",advocacy,autism,nd-led,hybrid,BR,Brazil,"Fortaleza, Ceará",-3.73,-38.53,pt,https://abraca.net.br/,https://abraca.net.br/,2008,2026-09-08,2026-09-08,editorial,"Founding year (2008) drawn from secondary coverage, not stated on the current site. Explicitly describes itself as 'protagonizada e liderada por pessoas autistas' (protagonized and led by autistic people)."
festival-acessa-bh,Acessa BH Festival,Festival Acessa BH,"Belo Horizonte's annual disability-culture arts festival, in its sixth edition in 2026, curated by disabled curators Daniel and Lais Vitral under the principle 'nothing about us without us.' Programs dance, theatre, film, and literature across six venues, including neurodivergent artists.",arts,neurodiversity-general|intellectual-disability,nd-led,physical,BR,Brazil,"Belo Horizonte, Minas Gerais",-19.92,-43.93,pt,https://www.acessabh.com.br/,https://jornalistainclusivo.com/acessa-bh-2026-cultura-def-assume-o-protagonismo-em-maior-festival-de-arte-inclusiva-do-brasil/,2021,2026-09-08,2026-09-08,editorial,"Founding year inferred from '6th edition' in 2026, not directly confirmed. A broader disability-culture festival (physical, sensory, intellectual, and neurodivergent artists), not exclusively a neurodiversity event; included for its explicit disability-led curation model."
coletivo-autista-ufrgs,Autistic Collective of UFRGS,Coletivo Autista UFRGS,"Student collective at the Federal University of Rio Grande do Sul in Porto Alegre, founded in 2021 as part of the wave of autistic collectives inspired by USP's CAUSP. Provides a welcoming space and mutual support for autistic students, including those admitted through disability quotas.",community,autism,nd-led,hybrid,BR,Brazil,"Porto Alegre, Rio Grande do Sul",-30.03,-51.23,pt,https://www.ufrgs.br/jornal/coletivo-acolhe-estudantes-com-transtorno-do-espectro-autista/,https://www.ufrgs.br/jornal/coletivo-acolhe-estudantes-com-transtorno-do-espectro-autista/,2021,2026-09-08,2026-09-08,editorial,No independent website found; verified via UFRGS's own newspaper. Part of the CAUSP-inspired network of university autistic collectives; exact internal leadership composition not independently confirmed.
coletivo-autista-usp,Autistic Collective of USP (CAUSP),Coletivo Autista da USP (CAUSP),"Student collective at the University of São Paulo, founded in 2021 by an autistic undergraduate to support autistic students' retention in higher education. Runs peer mentoring, support groups, and awareness campaigns; inspired similar collectives at over 20 other Brazilian universities.",community,autism|neurodiversity-general,nd-led,hybrid,BR,Brazil,"São Paulo, São Paulo",-23.56,-46.73,pt,https://www.instagram.com/coletivoautista/,https://jornal.usp.br/universidade/autistas-chegam-a-universidade-novo-coletivo-da-usp-quer-conscientizar-sobre-neurodiversidade/,2021,2026-09-08,2026-09-08,editorial,No independent website; operates via Instagram/Facebook (@coletivoautista). Founder Giulia Jardim Martinovic is autistic; collective won 2nd place in USP's 2021 Diversity Prize.
moab-brasil,Brazilian Autism Pride Movement (MOAB),Movimento Orgulho Autista Brasil (MOAB),"Founded in Brasília in 2005 by relatives of autistic people, one of Brazil's oldest national autism organizations. Runs the annual June 18 Autism Pride Day campaign and lobbies Congress on autism policy; family-led rather than a self-advocacy group.",advocacy,autism,ally-led,hybrid,BR,Brazil,"Brasília, Distrito Federal",-15.79,-47.88,pt,https://www.instagram.com/moabbrasil/,https://pt.wikipedia.org/wiki/Movimento_Orgulho_Autista_Brasil,2005,2026-09-08,2026-09-08,editorial,"Official domain moab.org.br no longer resolves; verified via Wikipedia, an active Instagram/Facebook presence (@moabbrasil), and Brazilian Congress recognition of its 10th anniversary."
abd-dislexia,Brazilian Dyslexia Association (ABD),Associação Brasileira de Dislexia (ABD),"Founded in São Paulo in 1983 by the father of a child with dyslexia. Offers technical guidance to dyslexic people, families, and educators, and lobbies for legislation and workplace access; one of Brazil's oldest learning-disability organizations.",advocacy,dyslexia,ally-led,hybrid,BR,Brazil,"São Paulo, São Paulo",-23.55,-46.65,pt,https://www.dislexia.org.br/,https://www.dislexia.org.br/quem-somos/,1983,2026-09-08,2026-09-08,editorial,
ouvidores-de-vozes-ribeirao-preto,Hearing Voices Network - USP Ribeirão Preto,Ouvidores de Vozes (USP Ribeirão Preto),"Hearing-voices peer information network based at the University of São Paulo's Ribeirão Preto campus, built jointly by voice-hearers and researchers at the Laboratory of Teaching and Research in Psychopathology, Drugs and Society. Shares coping strategies and hosts an in-person support group.",community,hearing-voices|psychosis,mixed,hybrid,BR,Brazil,"Ribeirão Preto, São Paulo",-21.17,-47.81,pt,https://sites.usp.br/ouvidoresdevozes/,https://sites.usp.br/ouvidoresdevozes/,,2026-09-08,2026-09-08,editorial,"Founding year not stated. Site describes itself as built collaboratively by lived-experience voice-hearers and professional researchers, part of the international Hearing Voices Movement/Intervoice framework."
instituto-abcd,Instituto ABCD,,"Nonprofit founded in São Paulo in 2009 by a family member of a person with dyslexia. Develops the free EduEdu learning app used by over a million students, trains teachers through its 'Todos Aprendem' program, and advocates for policy on dyslexia and other learning disorders.",education,dyslexia|learning-disabilities,ally-led,hybrid,BR,Brazil,"São Paulo, São Paulo",-23.57,-46.68,pt,https://www.institutoabcd.org.br/,https://www.institutoabcd.org.br/quem-somos/,2009,2026-09-08,2026-09-08,editorial,
introvertendo-podcast,Introvertendo,,"Podcast and media outlet founded in Goiânia in 2018 by autistic students from the Federal University of Goiás, billed as Brazil's first podcast produced by autistic people. Paused in 2023 and relaunched in 2025 under production by NAIA Autismo with new hosts.",media,autism|neurodiversity-general,nd-led,online,BR,Brazil,"Goiânia, Goiás",-16.68,-49.25,pt,https://www.introvertendo.com.br/,https://en.wikipedia.org/wiki/Introvertendo,2018,2026-09-08,2026-09-08,editorial,"Site reachable (301 redirect to www subdomain, then 200). At least 80% of original-run guests were autistic; site includes audio description and Libras support."
mad-in-brasil,Mad in Brasil,,"Brazilian outlet of the international Mad in the World network, publishing critical-psychiatry journalism, lived-experience narratives, and mad-studies scholarship. Hosted at Fiocruz's National School of Public Health (ENSP) in Rio de Janeiro and runs a virtual library on psychiatric medication.",media,mad-pride|hearing-voices|psychosis,unknown,online,BR,Brazil,"Rio de Janeiro, Rio de Janeiro",-22.88,-43.24,pt,https://madinbrasil.org/,https://madinbrasil.org/,,2026-09-08,2026-09-08,editorial,Founding year not confirmed. Editorial leadership not disclosed in detail; publishes both academic/professional content and first-person accounts from psychiatric survivors.
mnla-luta-antimanicomial,National Anti-Asylum Struggle Movement (MNLA),Movimento Nacional da Luta Antimanicomial (MNLA),"National psychiatric-reform movement consolidated in 1993 at its first national meeting in Salvador, bringing together psychiatric-service users, family members, and mental-health workers. Campaigns against asylum-based care and organized May 18 as Brazil's National Anti-Asylum Struggle Day.",advocacy,mad-pride,mixed,hybrid,BR,Brazil,"Salvador, Bahia",-12.97,-38.5,pt,https://pt.wikipedia.org/wiki/Movimento_antimanicomial,https://pt.wikipedia.org/wiki/Movimento_antimanicomial,1993,2026-09-08,2026-09-08,editorial,"National movement with no fixed headquarters or independent website; located at the city of its founding national meeting (Salvador, 1993). Has an active Facebook page (mnlaemluta) that could not be verified via automated request from this network. Explicitly composed of 'usuários, familiares e trabalhadores' (users, family members, and workers)."
riostoc,RIOSTOC,"Riostoc - Associação de familiares, amigos e pessoas com TOC e Síndrome de Tourette","Rio de Janeiro support association for people with OCD and Tourette syndrome and their families, coordinated by volunteer family members with input from mental-health professionals at UFRJ's IPUB and DPA. Holds free monthly online meetings and shares coping information.",community,tourette|ocd,ally-led,online,BR,Brazil,"Rio de Janeiro, Rio de Janeiro",-22.93,-43.19,pt,https://riostoc.org.br/,https://riostoc.org.br/,,2026-09-08,2026-09-08,editorial,"Founding year not stated on site. Explicitly coordinated by volunteer family members, advised by volunteer psychiatrists/psychologists; directs members to public healthcare rather than private practice."
specialisterne-brasil,Specialisterne Brasil,,"São Paulo branch of the international Specialisterne network for autistic and neurodivergent employment. Trains autistic and neurodivergent jobseekers and places them with corporate clients including Itaú, IBM, and Carrefour, while advising companies on inclusive hiring and diversity training.",work,autism|neurodiversity-general,unknown,hybrid,BR,Brazil,"São Paulo, São Paulo",-23.53,-46.64,pt,https://specialisternebrasil.com/en/,https://specialisternebrasil.com/en/,,2026-09-08,2026-09-08,editorial,Founding year and leadership composition not stated on the Brazilian site; part of the international Specialisterne network founded in Denmark in 2004.
ufsc-neurodivergentes,UFSC Neurodivergent Students Project,Neurodivergentes: vivências de estudantes autistas no ensino superior (UFSC),"University extension project at the Federal University of Santa Catarina in Florianópolis, coordinated by education professor Wellington Oliveira dos Santos. Runs recurring online sessions where autistic students and community members discuss higher-education experiences, employment, and identity.",education,autism,unknown,online,BR,Brazil,"Florianópolis, Santa Catarina",-27.6,-48.52,pt,https://noticias.ufsc.br/2026/02/ufsc-abre-inscricoes-para-projeto-de-apoio-a-estudantes-de-graduacao-autistas/,https://noticias.ufsc.br/2026/02/ufsc-abre-inscricoes-para-projeto-de-apoio-a-estudantes-de-graduacao-autistas/,,2026-09-08,2026-09-08,editorial,Run as a recurring extension course (fourth edition as of February 2026); exact founding year and whether facilitators are themselves autistic are not stated in the source.
a4a-ontario,Autistics 4 Autistics Ontario,,Collective of autistic adults formed in 2017 that advocates for Ontario's autism policy and funding to shift from a charity model to a disability-rights model. An international affiliate of ASAN.,advocacy,autism,nd-led,online,CA,Canada,"Toronto, ON",43.65,-79.38,en,https://a4aontario.com/,https://a4aontario.com/about/,2017,2026-09-08,2026-09-08,editorial,International affiliate of the Autistic Self Advocacy Network (ASAN).
fuan-autismo-neurodiversidad,FUAN - Autism and Neurodiversity Union Foundation,Fundación Unión Autismo y Neurodiversidad (FUAN),"A Chilean nonprofit combining autistic self-advocates and professionals that publishes public education on autism law, family mental health, and accessibility, and advocates on implementation of Chile's 2023 Autism Law.",advocacy,autism|neurodiversity-general,mixed,hybrid,CL,Chile,"Valparaíso Region, Chile",-33.02,-71.55,es,https://fuan.cl/,https://fuan.cl/,,2026-09-08,2026-09-08,editorial,"Exact headquarters city not confirmed on the public site; documented activity centers on the Valparaíso region. President Gabriela Verdugo Weinberger; team includes Chantal Garay Soto, also president of FENAUT (Federación Nacional de Autismo)."
orgullo-loco-chile,Mad Pride Chile (Orgullo Loco),Orgullo Loco Chile,"A psychiatric survivor movement, active since 2015, that organizes Chile's annual Mad Pride marches and campaigns against practices like electroshock, reclaiming madness as an identity rather than an illness.",advocacy,mad-pride,nd-led,hybrid,CL,Chile,"Santiago, Santiago Metropolitan Region",-33.45,-70.65,es,https://www.instagram.com/orgulloloco_chile/,https://www.instagram.com/orgulloloco_chile/,2015,2026-09-08,2026-09-08,editorial,"Grew out of the Colectivo Autogestión Libre-Mente (founded 2014), a peer-support group of psychiatric service users/survivors meeting weekly at the Ailanto cultural center in Santiago. Instagram bio: 'Celebramos el derecho a la locura desde el año 2015'; also documented in academic literature."
nucleo-milenio-disca,Millennium Nucleus on Disability and Citizenship (DISCA),Núcleo Milenio Discapacidad y Ciudadanía (DISCA),"A Chilean state-funded interdisciplinary research center at Universidad Diego Portales studying disability and citizenship, using participatory methods with an advisory council of people with lived disability experience.",research,neurodiversity-general,mixed,hybrid,CL,Chile,"Santiago, Santiago Metropolitan Region",-33.44,-70.64,es,https://nucleodisca.cl/,https://nucleodisca.cl/,,2026-09-08,2026-09-08,editorial,"Scope is disability studies broadly (physical, sensory, intellectual, psychosocial), not neurodiversity-exclusive, but includes research on psychiatric institutionalization and disabled youth activism. ANID-funded Millennium Nucleus, director Florencia Herrera."
beijing-stars-and-rain,Beijing Stars and Rain Education Institute for Autism,星星雨,"China's first NGO dedicated to autistic children, founded in Beijing in 1993 by a parent, running an autism education and training programme for children and parents.",education,autism|intellectual-disability,ally-led,physical,CN,China,Beijing,39.9,116.41,zh|en,https://guduzh.org.cn/,https://en.wikipedia.org/wiki/Children_of_the_Stars,1993,2026-09-08,2026-09-08,editorial,"Site intermittently unreachable, verified via Wikipedia/British Council. Older autismchina.org domain is now dead."
autiscol-colombia,AUTISCOL (Colombian Autistic People's Association),Asociación Autistas de Colombia,"A Colombian association made up of adult autistic people that publishes self-advocacy writing on rights and neurodiversity, tracks pending autism-related legislation, and runs public petitions and reports.",advocacy,autism|neurodiversity-general,nd-led,hybrid,CO,Colombia,"Bogotá, Cundinamarca",4.71,-74.07,es,https://autiscol.my.canva.site/paginaweb,https://autiscol.my.canva.site/paginaweb,,2026-09-08,2026-09-08,editorial,"Explicitly self-describes as run by autistic people ('conformada por un grupo de autistas'). Also active on Substack (autiscol.substack.com) and Instagram (@autiscol). No fixed city/office found; coordinates approximate Bogotá as a placeholder for a national, largely online organization."
disfam-colombia,DISFAM Colombia,Disfam Colombia (Dislexia y Familia),"The Colombian chapter of the international dyslexia/specific-learning-differences network DISFAM, doing advocacy and outreach for families and professionals and pushing regulation of Colombia's 2022 dyslexia law.",advocacy,dyslexia,ally-led,hybrid,CO,Colombia,"Bogotá, Cundinamarca",4.65,-74.06,es,https://disfam.org/colombia/,https://disfam.org/colombia/,,2026-09-08,2026-09-08,editorial,"Run by named regional representatives (Bogotá, Cali), not self-described as dyslexic-led. Most recent dated content is a December 2024 legislative working meeting on Colombia's dyslexia decree."
barriletea-costa-rica,BarrileTEA,Asociación BarrileTEA,San José nonprofit founded in November 2018 that campaigns for autism rights and legislation in Costa Rica. Known for its annual kite-flying 'BarrileTEAda' awareness events and its advocacy role in Costa Rica's 2021 Autism Law and 2024 implementing regulation.,advocacy,autism,unknown,hybrid,CR,Costa Rica,"San José, San José",9.93,-84.08,es,https://www.facebook.com/BarrileTEAutismoCostaRica/,https://elmundo.cr/costa-rica/familias-volaran-papalotes-para-pedir-una-ley-de-autismo-en-costa-rica/,2018,2026-09-08,2026-09-08,editorial,"Official site barriletea.org was intermittently unresolvable on repeated checks, so the confirmed-live Facebook page is used as the primary url, with a 2024 elmundo.cr news article as source_url. Founder Jessica Varela's own neurodivergent status was not stated in available sources, so leadership is marked unknown rather than assumed."
eucap,European Council of Autistic People (EUCAP),,"An umbrella network of autistic-led organisations from across Europe that lobbies EU and national institutions, coordinates member groups, and represents autistic people in disability policy forums.",advocacy,autism|neurodiversity-general,nd-led,online,CZ,Czechia,Prague,50.0755,14.4378,en|fr|de|es,https://eucap.eu/,https://eucap.eu/about-eucap/,2019,2026-09-08,2026-09-08,editorial,"Registered as 'European Council of Autistic People z.s.' in Prague, but is a pan-European body: 27 member organisations across 18 countries as of the source page. Prague is a legal registration address, not an operational hub; board and members are distributed across Europe."
pasparta,PASPARTA,Nakladatelství Pasparta,"A Czech publishing house and social enterprise, founded by the autism organisation APLA Praha, that creates adapted graphic-design and publishing jobs for people with autism.",work,autism,ally-led,hybrid,CZ,Czechia,Prague,50.09,14.46,cs,https://www.pasparta.cz/,https://docplayer.cz/928302-Nakladatelstvi-pasparta-o-p-s-fungovani-socialniho-podniku-praxe-v-cr-martin-marik.html,2012,2026-09-08,2026-09-08,editorial,"Founded December 2012 by APLA Praha (now part of NAUTIS); publishes psychology, autism and special-education titles and offers graphic design services, employing people with autism in adapted roles. Cited as a good-practice example at the UN."
specialisterne-foundation,Specialisterne Foundation,,"A Danish foundation, founded by the father of an autistic son, that places autistic and other neurodivergent people into paid jobs with partner companies through an assessment and training model.",work,autism|neurodiversity-general,ally-led,hybrid,DK,Denmark,Ballerup,55.7308,12.3606,da|en,https://www.specialisterne.com/,https://european-social-fund-plus.ec.europa.eu/en/social-innovation-match/case-study/specialisterne-foundation-going,2004,2026-09-08,2026-09-08,editorial,"Founded by Thorkil Sonne; credited with creating roughly 10,000 jobs for autistic people globally through corporate partnerships (SAP, Microsoft, IBM and others). Included as a large, well-known anchor organisation; leadership is not itself predominantly neurodivergent-led."
fundacion-dominicana-de-autismo,Dominican Autism Foundation,Fundación Dominicana de Autismo,"Santo Domingo nonprofit founded in 1999 and made up of parents of autistic children. Provides autism awareness education, a professional training diploma in neurodevelopmental-disorder evaluation, and support services for families.",advocacy,autism,ally-led,physical,DO,Dominican Republic,"Santo Domingo, Distrito Nacional",18.49,-69.94,es,http://fundaciondominicanadeautismo.org/,http://fundaciondominicanadeautismo.org/,1999,2026-09-08,2026-09-08,editorial,"Site lists training sessions scheduled into 2026, indicating current activity; returns HTTP 406 to bare requests without browser headers (bot-filtering quirk, not a dead site). Membership explicitly described as the children's own parents, hence ally-led rather than nd-led."
cle-autistes,CLE Autistes,Collectif pour la Liberté d'Expression des Autistes,"A French self-advocacy collective, run entirely by autistic people, that organises peer support, training and campaigns and treats autism as a political identity rather than only a diagnosis.",advocacy,autism|neurodiversity-general,nd-led,online,FR,France,Paris,48.8566,2.3522,fr,https://asso.cle-autistes.fr/,https://asso.cle-autistes.fr/qui-sommes-nous/,2018,2026-09-08,2026-09-08,editorial,"Founded September 2018; over 130 members and 400 supporters nationally. Governed by a collegial leadership composed entirely of autistic people, renewed by co-optation."
aspies-ev,Aspies e.V.,,"The oldest and largest German self-help association for autistic adults, run by an all-autistic board, offering local peer groups nationwide, a crisis helpline and an online self-help forum.",community,autism,nd-led,online,DE,Germany,Berlin,52.52,13.405,de,https://aspies.de/,https://de.wikipedia.org/wiki/Aspies,2004,2026-09-08,2026-09-08,editorial,"Around 550 members, board of five autistic people, registered at Berlin-Charlottenburg district court. Member of EUCAP. Automated HTTPS checks from this session failed with a TLS renegotiation error against aspies.de specifically; live page content was independently confirmed via a fetch tool, so it is not treated as down."
autism-awareness-care-and-training-centre,Autism Awareness Care and Training Centre (AACT),,"Accra-based centre for autistic children founded in 1998 by a nurse practitioner and parent, providing behaviour management, therapy, and individualized education plans.",education,autism,ally-led,physical,GH,Ghana,"Haatso, Greater Accra",5.68,-0.19,en,https://aactgh.org/,https://aactgh.org/about.html,1998,2026-09-08,2026-09-08,editorial,"Parent-led, professionally run. Site returns 406 to a bare curl user agent; needs a full browser-style header."
neurodiversity-association-hong-kong,NeuroDiversity Association Hong Kong (NDAHK),香港腦力多元協會,"Hong Kong advocacy organisation, established in 2024, promoting the value of neurodiversity through cross-sector partnerships, education, and conferences.",advocacy,neurodiversity-general|autism|adhd,unknown,hybrid,HK,Hong Kong,Hong Kong,22.32,114.17,en|zh,https://www.ndahk.com/,https://www.ndahk.com/about-us,2024,2026-09-08,2026-09-08,editorial,
action-for-autism,Action for Autism (AFA) - National Centre for Autism,,"Delhi-based Indian non-profit, founded in 1991 as a parent support group, running assessment, education, therapy, employment, and self-advocacy services for autistic people.",care,autism|intellectual-disability,ally-led,hybrid,IN,India,New Delhi,28.61,77.21,en|hi,https://www.autism-india.org/,https://en.wikipedia.org/wiki/Action_for_Autism,1991,2026-09-08,2026-09-08,editorial,"Runs a Self-Advocacy Programme, but it is professionally facilitated rather than self-advocate-run."
bapu-trust,Bapu Trust for Research on Mind & Discourse,,"Pune-based trust doing non-coercive, community-based mental health work, including an urban community mental health and inclusion programme; founder was active in the international Hearing Voices movement.",research,mad-pride|hearing-voices|intellectual-disability|neurodiversity-general,mixed,hybrid,IN,India,"Pune, Maharashtra",18.52,73.86,en,https://baputrust.com/,https://www.madinamerica.com/2024/05/remembering-bhargavi-davar-a-global-leader-in-the-struggle-for-human-rights/,1999,2026-09-08,2026-09-08,editorial,About page 404'd during verification; leadership framing not explicitly self-declared. Site returns 406 to a bare curl user agent.
ummeed-child-development-center,Ummeed Child Development Center,,"Mumbai-based non-profit founded in 2001 by a developmental pediatrician, providing trans-disciplinary clinical services, training, and research for children with developmental disabilities.",care,autism|down-syndrome|intellectual-disability|learning-disabilities,ally-led,hybrid,IN,India,"Lower Parel, Mumbai",19,72.83,en|hi,https://www.ummeed.org/about-us,https://www.mhinnovation.net/organisations/ummeed-child-development-center,2001,2026-09-08,2026-09-08,editorial,
yayasan-mpati,Yayasan MPATI (Masyarakat Peduli Autis Indonesia),Yayasan Masyarakat Peduli Autis Indonesia,"Indonesian national foundation, evolved from a 1998 parent community, focused on training and empowering parents of autistic children and advocating for government autism support policy.",advocacy,autism|adhd,ally-led,hybrid,ID,Indonesia,Jakarta,-6.21,106.85,id|en,https://autismindonesia.org/en/,https://autismindonesia.org/en/tentangkami/,1998,2026-09-08,2026-09-08,editorial,"Evolved from KOMPAA (Komunitas Peduli Autis dan ADHD), founded in 1998."
mad-in-ireland,Mad in Ireland,,"An Irish collective of psychiatric survivors, peer workers, academics and practitioners that publishes critical commentary and organises events challenging the dominant diagnostic model in mental health care.",advocacy,mad-pride,mixed,online,IE,Ireland,Dublin,53.3498,-6.2603,en,https://madinireland.com/,https://madinireland.com/2022/08/mad-in-ireland-a-new-affiliate-of-mad-in-america/,2021,2026-09-08,2026-09-08,editorial,An affiliate of the international Mad in the World network. Governing team includes psychiatric survivors/peer support leaders alongside mental health practitioners and academics.
beit-issie-shapiro,Beit Issie Shapiro,בית איזי שפירא,"Israeli nonprofit that develops, researches, and scales disability service models such as early intervention and assistive technology, and shares them internationally.",research,intellectual-disability|learning-disabilities|autism|neurodiversity-general,ally-led,physical,IL,Israel,Ra'anana,32.18,34.87,he|en|ar,https://beitissie.org.il/en/,https://beitissie.org.il/en/,1980,2026-09-08,2026-09-08,editorial,Holds UN ECOSOC consultative status.
bizchut,Bizchut - The Israel Human Rights Center for People with Disabilities,בזכות,"Independent legal-advocacy and watchdog organisation advancing the rights of people with all disability types in Israel through litigation, policy work, and a public inquiries hotline.",advocacy,intellectual-disability|mad-pride|neurodiversity-general|learning-disabilities,mixed,hybrid,IL,Israel,Jerusalem,31.78,35.22,he|en|ar,https://www.bizchut.org.il/bizchut-english,https://www.bizchut.org.il/bizchut-english,1992,2026-09-08,2026-09-08,editorial,"Cross-disability, not neurodiversity-specific; board combines disabled people, parents, professionals, and academics."
shutaf-inclusion-programs,Shutaf Inclusion Programs,,"Jerusalem-based ""reverse inclusion"" nonprofit running year-round camps and youth-leadership programs where disabled and non-disabled children and teens participate together.",community,autism|adhd|intellectual-disability|down-syndrome,ally-led,physical,IL,Israel,Jerusalem,31.8,35.24,he|en,https://shutafinclusionprograms.org/,https://shutafinclusionprograms.org/,2007,2026-09-08,2026-09-08,editorial,Direct page fetch was blocked by a bot filter; verified live via curl (200 OK) and secondary sources.
aspergeronline,Aspergeronline,,"An Italian association founded by an autistic designer that offers self-screening tools, peer community, a podcast and resources for autistic people and professionals, built with an autistic development team.",community,autism|neurodiversity-general,nd-led,online,IT,Italy,Turin,45.07,7.69,it,https://aspergeronline.org/,https://aspergeronline.org/libro-autismo-neurodivergenza-by-autistic-for-autistics/,2023,2026-09-08,2026-09-08,editorial,"Founded January 2023 by Simone Favarin, an autistic designer and communicator; became a formal association (ETS) in December 2023. Reports 356,817 unique users and 60,000+ RAADS-R screenings completed in 2024."
jddnet,Japan Developmental Disabilities Network (JDDnet),日本発達障害ネットワーク,"Tokyo-based umbrella network of about 57 affiliated parent groups, academic societies, and professional bodies covering autism, ADHD, and learning disabilities nationally in Japan.",advocacy,autism|adhd|learning-disabilities|neurodiversity-general,mixed,hybrid,JP,Japan,"Sumida, Tokyo",35.71,139.8,ja,https://jddnet.jp/,https://jddnet.jp/about-jddnet/,2005,2026-09-08,2026-09-08,editorial,Founded following Japan's 2004 Developmental Disabilities Support Law.
urakawa-bethel-house,Urakawa Bethel House,浦河べてるの家,"Social welfare corporation in Hokkaido founded in 1984 by former psychiatric patients and a social worker, practicing ""Tojisha-Kenkyu"" (self-directed peer research) into members' own psychiatric experiences.",community,mad-pride|hearing-voices|psychosis|intellectual-disability,nd-led,hybrid,JP,Japan,"Urakawa, Hokkaido",42.16,142.78,ja,https://bethel-net.jp/,https://aeon.co/essays/japans-radical-alternative-to-psychiatric-diagnosis,1984,2026-09-08,2026-09-08,editorial,Explicitly by-and-for psychiatric survivors (tojisha); runs an annual 'Bethel Festival' and cooperative small businesses.
lebanese-autism-society,Lebanese Autism Society (LAS),,"Beirut-based membership NGO founded by parents and professionals, running educational, vocational, and consultancy programs for autistic children and teens.",education,autism,ally-led,physical,LB,Lebanon,Beirut,33.89,35.5,en|fr|ar,https://www.autismlebanon.org/,https://www.autismlebanon.org/,1999,2026-09-08,2026-09-08,editorial,Runs a Technical School for Adolescents with Autism.
nasom,National Autism Society of Malaysia (NASOM),,"Malaysia's longest-running national autism body, founded in 1986, running early intervention, therapy, vocational training, and residential independent-living programmes nationwide.",care,autism,ally-led,hybrid,MY,Malaysia,"Petaling Jaya, Selangor",3.11,101.65,en|ms,https://www.nasom.org.my/,https://www.nasom.org.my/get-involved/,1986,2026-09-08,2026-09-08,editorial,
autistas-de-mexico-ac,Autistas de México,Autistas de México A.C.,"Mexico City organization that describes itself as the first association in Mexico created by and for autistic people. Offers autism/ADHD differential diagnosis, therapy and coaching delivered by autistic staff, plus community support groups, reaching clients nationwide online.",community,autism|neurodiversity-general,nd-led,hybrid,MX,Mexico,"Mexico City, CDMX",19.45,-99.15,es,https://autistasdemexico.org/,https://autistasdemexico.org/,,2026-09-08,2026-09-08,editorial,"Self-description confirmed verbatim on site: 'la primera asociación en México creada por y para autistas.' Also participates in the Marcha del Orgullo Loco. Founding year not stated precisely, left null rather than guessed. Charges for clinical/diagnostic services alongside its community/advocacy work."
colectivo-chuhcan-mx,Colectivo Chuhcan,Colectivo Chuhcan A.C.,"Mexico City civil association founded in 2011 and run entirely by people with lived experience of psychiatric diagnosis. Provides peer support, human-rights advocacy against forced institutionalization, and helped organize Mexico's first Mad Pride march.",advocacy,mad-pride,nd-led,hybrid,MX,Mexico,"Mexico City, CDMX",19.43,-99.13,es,https://madinmexico.org/conversacion-con-colectivo-chuhcan-a-c/,https://madinmexico.org/conversacion-con-colectivo-chuhcan-a-c/,2011,2026-09-08,2026-09-08,editorial,"No independent Chuhcan website or confirmed social-media handle was found; url/source_url point to a Mad in Mexico interview with founder Raúl Montoya. Also active in Red Orgullo Loco México's annual Marcha del Orgullo Loco alongside other user-led collectives (SinColectivo, Colectiva Meteorita) that could not be independently verified."
pas-nederland,PAS Nederland,Personen uit het Autisme Spectrum,"A Dutch peer-run association for people with autism and average-to-high intelligence, mostly staffed by autistic board members and volunteers, running local groups in several Dutch cities.",community,autism,nd-led,hybrid,NL,Netherlands,The Hague,52.0705,4.3007,nl,https://pasnederland.nl/,https://nl.wikipedia.org/wiki/Personen_uit_het_Autisme_Spectrum,2001,2026-09-08,2026-09-08,editorial,"Activities run in multiple cities including Alkmaar, Utrecht, Nijmegen, Weert, 's-Hertogenbosch, Leiden and Zwolle; The Hague used as the organisation's registered base."
altogether-autism,Altogether Autism,,"Free, government-funded nationwide autism information and advisory service for autistic people, whanau, and professionals in New Zealand.",advocacy,autism|neurodiversity-general,mixed,hybrid,NZ,New Zealand,Hamilton,-37.79,175.28,en,https://www.altogetherautism.org.nz/,https://www.altogetherautism.org.nz/about/,,2026-09-08,2026-09-08,editorial,"Run in partnership between Your Way | Kia Roha and Parent to Parent New Zealand; includes an autistic-led peer offshoot, 'By Autistics for Autistics'."
autism-new-zealand,Autism New Zealand,,National New Zealand charity supporting autistic people and their families through a Board of Trustees and nationwide services.,advocacy,autism,mixed,hybrid,NZ,New Zealand,Wellington,-41.29,174.78,en,https://autismnz.org.nz/,https://autismnz.org.nz/meet-the-team/,,2026-09-08,2026-09-08,editorial,At least one board member is autistic and also a parent of an autistic adult; overall composition reads as ally-led/mixed.
patrick-speech-and-languages-centre,Patrick Speech and Languages Centre (PSLC),,"Nigeria's first dedicated autism centre, opened in Lagos in 2006, offering speech and language therapy, vocational training, and a professional training academy.",education,autism,ally-led,physical,NG,Nigeria,"Ikeja, Lagos",6.6,3.35,en,https://pslcautism-ng.org/,https://pslcautism-ng.org/,2006,2026-09-08,2026-09-08,editorial,"Parent-founded, professionally run; operates two centres in Ikeja and Lekki."
autismenyheter-no,Autismenyheter,Autismenyheter.no,"A Norwegian-language news and commentary site about autism, written by a single autistic author from a neurodiversity perspective, covering research and autistic first-person experience.",media,autism|neurodiversity-general,nd-led,online,NO,Norway,Bergen area,60.3913,5.3221,no,https://autismenyheter.no/,https://autismenyheter.no/velkommen-til-autismenyheter-no/,2018,2026-09-08,2026-09-08,editorial,Run by a single autistic author who publishes under the name 'Soda' and lives on an island near Bergen; launched 3 June 2018 to fill a gap in Norwegian-language autism coverage.
autism-society-of-pakistan,Autism Society of Pakistan (ASP),,"National umbrella non-profit registered in 2010, running Autism Resource Centres in Rawalpindi and Islamabad offering diagnosis, therapy, school-integration support, and parent training.",care,autism,mixed,physical,PK,Pakistan,Rawalpindi,33.6,73.07,en,http://autismpak.com/autism-society-of-pakistan-asp/,https://autismpak.com/who-we-are/,2010,2026-09-08,2026-09-08,editorial,Board of Governors composed of professionals and affected parents. Site returns 403 to a bare curl user agent; resolves 200 with full browser headers.
karachi-down-syndrome-program,Karachi Down Syndrome Program (KDSP),,"Karachi-founded nonprofit, registered in 2014, delivering family support, healthcare, education, and skills programmes for people with Down syndrome, with chapters in four other Pakistani cities.",care,down-syndrome,ally-led,physical,PK,Pakistan,Karachi,24.86,67.01,ur|en,https://www.kdsp.org.pk/,https://zeroproject.org/view/organization/89937584-9004-eb11-a813-000d3ab9bc3d,2014,2026-09-08,2026-09-08,editorial,"Registered as a Section 42 nonprofit company; also runs chapters in Faisalabad, Islamabad, Hyderabad, and North Nazimabad."
aso-tea-paraguay,ASO TEA Paraguay,Asociación de Padres y/o Tutores de Personas con Trastorno del Espectro Autista (ASO TEA),"A Paraguayan parent-and-guardian association for people with autism, active since 2019, that advocates for public policy, runs family support and training, and organizes the annual 'Paraguay Runs for Autism' event.",advocacy,autism,ally-led,hybrid,PY,Paraguay,"Asunción, Central",-25.3,-57.64,es,https://asoteapy.org.py/home/,https://asoteapy.org.py/home/,2019,2026-09-08,2026-09-08,editorial,"Parent/guardian-led, not self-advocate-led. Affiliated with the Autism Latin America Federation (ALaFe). President as of 2024-2026: Diana Villalba."
apeau-peru,Peruvian Autistic People's Association (APEAU),Asociación Peruana de Autistas,"A Lima-based nonprofit founded in 2023 and composed exclusively of autistic members, advocating for autistic people's rights under the motto 'nada sobre nosotros sin nosotros' and organizing community events in Peru.",advocacy,autism,nd-led,hybrid,PE,Peru,"Lima, Lima",-12.05,-77.04,es,https://www.instagram.com/asociacionperuanadeautistas/,https://www.instagram.com/asociacionperuanadeautistas/,2023,2026-09-08,2026-09-08,editorial,"The domain asociacionperuanadeautistas.com surfaced in search results but did not resolve on repeated checks; using their active Instagram (posts through late 2025, includes Hispanoamerican Autism Congress participation) as url/source_url instead. Also active on Facebook."
autism-society-philippines,Autism Society Philippines (ASP),,"National nonprofit founded in 1989 with about 16,000 members across 106 local chapters, working toward social acceptance and self-reliance for autistic Filipinos.",advocacy,autism,ally-led,hybrid,PH,Philippines,Quezon City,14.68,121.04,en|tl,http://www.autismsocietyphilippines.org/,https://en.wikipedia.org/wiki/Autism_Society_Philippines,1989,2026-09-08,2026-09-08,editorial,
brainstorm-phda,Brainstorm,Brainstorm - Associação Portuguesa de PHDA,"A Portuguese self-advocacy association founded by and for people with ADHD (PHDA) that runs peer WhatsApp communities and campaigns for a more informed, neuro-inclusive society.",advocacy,adhd,nd-led,online,PT,Portugal,"Lisbon (national, online)",38.7223,-9.1393,pt,https://brainstormphda.pt/,https://brainstormphda.pt/quem-somos/,2024,2026-09-08,2026-09-08,editorial,"Founded 2024, publicly launched 2025. No confirmed physical headquarters was found; it operates nationally online, so Lisbon is used only as an approximate anchor point."
dislex-portugal,Dislex,Dislex - Associação Portuguesa de Dislexia,"A Portuguese association founded by academics and clinicians that researches dyslexia, provides adult self-assessment tools and resources for families, and campaigns for teacher training on dyslexia.",education,dyslexia,ally-led,hybrid,PT,Portugal,Porto,41.1579,-8.6291,pt,https://www.dislex.co.pt/,https://www.dislex.co.pt/,2000,2026-09-08,2026-09-08,editorial,Founded by researchers and clinicians including Vítor da Fonseca; run by a professional board rather than by dyslexic people themselves. Has publicly criticised lack of teacher training for dyslexia support.
autism-resource-centre-singapore,Autism Resource Centre (Singapore),,"Singapore charity registered in 2000 providing lifelong services for autistic people, including Pathlight School, early intervention, employment support, and caregiver training.",education,autism,ally-led,hybrid,SG,Singapore,"Ang Mo Kio, Singapore",1.37,103.85,en,https://www.autism.org.sg/,https://www.autism.org.sg/about-us/overview,2000,2026-09-08,2026-09-08,editorial,"Runs Pathlight School, Singapore's first autism-focused school."
autism-south-africa,Autism South Africa,,"National non-profit providing information, guidance, training, and advocacy for autistic people and their families across South Africa's nine provinces.",advocacy,autism|neurodiversity-general,unknown,hybrid,ZA,South Africa,"Parkwood, Johannesburg",-26.16,28.04,en,https://www.aut2know.co.za/,https://www.aut2know.co.za/,,2026-09-08,2026-09-08,editorial,Registered Public Benefit Organisation; leadership structure not stated on site.
amatdah,AMATDAH,Asociación Madrileña de Adultos con TDAH,"A Madrid association run by and for adults diagnosed with ADHD, which grew out of patient meetings at a specialty clinic, offering peer support and pressing institutions on adult ADHD rights.",community,adhd,nd-led,hybrid,ES,Spain,Madrid,40.4168,-3.7038,es,https://amatdah.org/,https://sid-inico.usal.es/centros_servicios/asociacion-madrilena-de-adultos-con-tdah-amatdah/,2013,2026-09-08,2026-09-08,editorial,Grew out of peer meetings among patients at Madrid's Centro de Especialidades Argüelles from 2012. amatdah.org returned HTTP 429 (rate-limited) on repeated automated checks in this session; existence and current activity were confirmed via the SID-INICO and SOM360 directories instead.
autism-society-of-taiwan,Autism Society of Taiwan,中華民國自閉症總會,"National civic association based in Taipei serving autistic people and families, running vocational and social training as well as diagnostic and employment support.",advocacy,autism|intellectual-disability,ally-led,hybrid,TW,Taiwan,"Zhongzheng District, Taipei",25.03,121.52,zh|en,https://www.autism.org.tw/,https://autism.org.tw/pagedetail.php?IDno=485,,2026-09-08,2026-09-08,editorial,Runs the 'Star Kids Workshop' vocational and social training programme.
association-of-parent-for-thai-persons-with-autism,The Association of Parent for Thai Persons with Autism,สมาคมผู้ปกครองบุคคลออทิซึม (ไทย),"Bangkok-based nonprofit working alongside the Autistic Thai Foundation on quality-of-life programmes for autistic people, including sports, digital learning, and IT skills training.",care,autism|learning-disabilities,ally-led,hybrid,TH,Thailand,"Bang Kok Noi, Bangkok",13.76,100.48,th|en,https://autism.autisticthai.com/,https://www.ryt9.com/en/prg/281223,,2026-09-08,2026-09-08,editorial,Parent association; partners with the government-accredited Autistic Thai Foundation.
tohum-otizm-vakfi,Tohum Otizm Vakfı (Tohum Autism Foundation),Tohum Otizm Vakfı,"Istanbul-based public-benefit foundation focused on early diagnosis and special education for autistic children, and on national autism screening and awareness campaigns.",education,autism,ally-led,hybrid,TR,Turkey,Istanbul,41.06,28.99,tr|en,https://tohumotizm.org.tr/,https://tohumotizm.org.tr/,2003,2026-09-08,2026-09-08,editorial,
autism-awareness-uganda,Autism Awareness Uganda,,"Kampala-based community organisation of parents, professionals, and volunteers running caregiver training, awareness campaigns, and referral support for autistic people.",advocacy,autism,mixed,hybrid,UG,Uganda,"Kamwokya, Kampala",0.34,32.58,en,https://autismawarenessuganda.com/,https://autismawarenessuganda.com/,2020,2026-09-08,2026-09-08,editorial,
dubai-autism-center,Dubai Autism Center,مركز دبي للتوحد,"UAE nonprofit established by government decree providing assessment, intervention, rehabilitation, and community-awareness programs for autistic children.",care,autism,ally-led,physical,AE,United Arab Emirates,"Garhoud, Dubai",25.25,55.33,en|ar,https://www.dubaiautismcenter.ae/,https://www.dubaiautismcenter.ae/,2001,2026-09-08,2026-09-08,editorial,
autistic-uk,Autistic UK,,"A community interest company run by autistic adults across Wales, England and Scotland that campaigns on policy, publishes position statements, and builds peer networks for autistic people.",advocacy,autism|neurodiversity-general,nd-led,online,GB,United Kingdom,"Caernarfon, Wales",53.14,-4.27,en,https://www.autisticuk.org/,https://www.autisticuk.org/about-us,2009,2026-09-08,2026-09-08,editorial,"Operated as an unincorporated voluntary organisation from 2009, then incorporated as a CIC in 2019 (registered office Caernarfon, Wales, per Companies House)."
autscape,Autscape,,"An annual multi-day conference run by and for autistic people, with workshops, social time and sensory-considered spaces, organised by a UK registered charity.",community,autism|neurodiversity-general,nd-led,hybrid,GB,United Kingdom,"Hoddesdon, Hertfordshire",51.77,-0.01,en,https://www.autscape.org/,https://www.autscape.org/about/,2005,2026-09-08,2026-09-08,editorial,"Registered UK charity since 2011; most organisers are autistic. Venue varies by year, recently High Leigh in Hoddesdon; some years run as an online-only edition."
flow-observatorium,Flow Observatorium,,"An equality and diversity charity and creative hub for neurodivergent artists in Portsmouth, running free co-creation sessions and training arts organisations to be neurodivergent-enabling.",arts,neurodiversity-general,nd-led,hybrid,GB,United Kingdom,"Portsmouth, England",50.81,-1.09,en,https://flowobsad.wixsite.com/flow-observatorium,https://www.newtheatreroyal.com/news/funding-flow-observatorium/,2017,2026-09-08,2026-09-08,editorial,"Founded with Arts Council England funding, led by neurodivergent artist Jon Adams with Donna Bish. Runs 'KoCreate' sessions with Portsmouth Autism Community Forum. Site is hosted on Wix and may change address."
hearing-voices-network-england,Hearing Voices Network (England),,"A small national charity, run mostly by volunteers, that supports and connects local peer-support groups across England for people who hear voices, see visions or have other unusual perceptions.",community,hearing-voices,mixed,hybrid,GB,United Kingdom,"London, England",51.5265,-0.0863,en,https://www.hearing-voices.org/,https://www.hearing-voices.org/,,2026-09-08,2026-09-08,editorial,"Does not run local groups directly, only supports and networks them; work is carried out mostly by volunteers including trustees. Exact founding year not confirmed on-site."
parc-participatory-autism-research,Participatory Autism Research Collective (PARC),,"A voluntary UK network, started at London South Bank University, that brings autistic scholars and activists together with early-career researchers to promote autistic involvement in autism research.",research,autism|neurodiversity-general,mixed,hybrid,GB,United Kingdom,"London, England",51.4996,-0.118,en,https://participatoryautismresearch.wordpress.com/,https://kar.kent.ac.uk/64500/,2015,2026-09-08,2026-09-08,editorial,"Co-founded by Damian Milton and Nicola Martin; first meeting April 2015. Now spans several UK institutions including Birmingham, Sheffield Hallam and Nottingham. Active in 2026 per site events listing."
aaspire,Academic Autism Spectrum Partnership in Research and Education,,"Community-based participatory research partnership, based at Portland State University, in which autistic adults are equal partners with academics. Known for work on healthcare access and other autistic-adult priorities.",research,autism,mixed,online,US,United States,"Portland, OR",45.52,-122.68,en,https://aaspire.org/,https://aaspire.org/,,2026-09-08,2026-09-08,editorial,"Long-standing partner of the Autistic Self Advocacy Network and Autism Society of Oregon; the /about-us/ page returned a 404 during this check, verified instead via the homepage and third-party coverage."
arts-of-life-chicago,Arts of Life,,"Chicago nonprofit founded in 2000 providing studio space, art supplies, and exhibition and sales support to artists with intellectual and developmental disabilities, with additional studios on Chicago's North Shore.",arts,intellectual-disability|neurodiversity-general,unknown,physical,US,United States,"Chicago, IL",41.9,-87.68,en,https://artsoflife.org/,https://artsoflife.org/,2000,2026-09-08,2026-09-08,editorial,
asan-autistic-self-advocacy-network,Autistic Self Advocacy Network,,"National advocacy organization run by and for autistic people, founded in 2006. Works on disability policy, public education, and community organizing around autism rights in the United States.",advocacy,autism|neurodiversity-general,nd-led,hybrid,US,United States,"Washington, DC",38.9,-77.04,en,https://autisticadvocacy.org/,https://autisticadvocacy.org/about-asan/who-we-are/,2006,2026-09-08,2026-09-08,editorial,
awn-autistic-women-nonbinary-network,Autistic Women & Nonbinary Network,,"Peer network and resource hub for autistic women, transgender, and nonbinary people, run by and for autistic people. Provides community support, publications, and advocacy from its base in Lincoln, Nebraska.",community,autism|neurodiversity-general,nd-led,online,US,United States,"Lincoln, NE",40.81,-96.68,en,https://awnnetwork.org/,https://awnnetwork.org/about/,,2026-09-08,2026-09-08,editorial,
chadd-adhd,CHADD (Children and Adults with Attention-Deficit/Hyperactivity Disorder),,"National nonprofit headquartered in Lanham, Maryland, that runs a federally funded National Resource Center on ADHD, publishes Attention magazine, and coordinates local support chapters for people with ADHD and their families.",education,adhd,unknown,hybrid,US,United States,"Lanham, MD",38.97,-76.85,en,https://chadd.org/,https://chadd.org/about/,,2026-09-08,2026-09-08,editorial,"Commonly reported elsewhere as founded in 1987 by parents of children with ADHD; not independently confirmed on the current site during this pass, so left null."
creative-growth-art-center,Creative Growth Art Center,,"Studio and gallery in Oakland founded in 1973 where adult artists with developmental, intellectual, and physical disabilities make and sell visual art. One of the earliest organizations of its kind in the United States.",arts,intellectual-disability|neurodiversity-general,unknown,physical,US,United States,"Oakland, CA",37.8,-122.27,en,https://www.creativegrowth.org/,https://www.creativegrowth.org/,1973,2026-09-08,2026-09-08,editorial,Founding date is given as 1973 or 1974 in different sources; founded by educator Florence Ludins-Katz and psychologist Elias Katz.
fireweed-collective,Fireweed Collective,,"Peer-led network for people who identify as mad, crazy, or mentally ill, founded in 2002 as the Icarus Project and renamed in 2020. Runs peer support groups, workshops, and trainings centering disabled, Black, and queer communities.",community,mad-pride|bipolar|psychosis|neurodiversity-general,nd-led,hybrid,US,United States,"New York, NY",40.71,-74,en,https://fireweedcollective.org/,https://fireweedcollective.org/our-history/,2002,2026-09-08,2026-09-08,editorial,"Formerly the Icarus Project; restructured and renamed in 2020 to foreground Black, disabled, immigrant, and queer/trans leadership."
foundations-for-divergent-minds,Foundations for Divergent Minds,,"Texas-based nonprofit founded and led by multiply neurodivergent autistic people, providing online neurodiversity education, healthcare-access programming, and violence-prevention work for autistic communities.",education,autism|neurodiversity-general,nd-led,online,US,United States,"Plano, TX",33.02,-96.7,en,https://www.divergentminds.org/,https://www.divergentminds.org/,,2026-09-08,2026-09-08,editorial,
mindfreedom-international,MindFreedom International,,"Coalition of grassroots groups founded in 1990 by psychiatric survivors, based in Eugene, Oregon. Advocates against forced psychiatric treatment and for human rights and alternatives in mental health care.",advocacy,mad-pride|psychosis,nd-led,hybrid,US,United States,"Eugene, OR",44.05,-123.09,en,https://mindfreedom.org/,https://mindfreedom.org/about/faq/intro-faqs-d1/,1990,2026-09-08,2026-09-08,editorial,"Membership is majority psychiatric survivors; site states MFI ""was started by psychiatric survivors."""
stanford-neurodiversity-project,Stanford Neurodiversity Project,,"Program at Stanford Medicine, recently renamed the Stanford Center for Neurodiversity and Human Potential, running education, employment, and research initiatives for autistic and other neurodivergent people.",research,neurodiversity-general|autism,unknown,hybrid,US,United States,"Stanford, CA",37.43,-122.17,en,https://med.stanford.edu/neurodiversity.html,https://med.stanford.edu/neurodiversity.html,,2026-09-08,2026-09-08,editorial,"Name is in transition from ""Stanford Neurodiversity Project"" to ""Stanford Center for Neurodiversity and Human Potential""; both names appear on Stanford's own pages."
color-of-autism-foundation,The Color of Autism Foundation,,"Detroit-area nonprofit founded in 2009 by a parent of an autistic child, providing culturally specific autism support, training, and a support group for Black fathers and co-parents of autistic children.",community,autism,ally-led,hybrid,US,United States,"Detroit, MI",42.53,-83.23,en,https://thecolorofautism.org/,https://thecolorofautism.org/,2009,2026-09-08,2026-09-08,editorial,"Registered address is in Beverly Hills, MI (metro Detroit); the organization describes its direct-service base as Detroit families."
neurodiversity-alliance-eye-to-eye,The Neurodiversity Alliance (Eye to Eye),,"New York-based nonprofit, formerly known as Eye to Eye, founded by and for people with learning disabilities and ADHD, that runs a national school-based mentoring program pairing older and younger students who learn differently.",education,dyslexia|adhd|learning-disabilities,nd-led,hybrid,US,United States,"New York, NY",40.73,-73.99,en,https://thendalliance.org/,https://thendalliance.org/,,2026-09-08,2026-09-08,editorial,"Formerly Eye to Eye; eyetoeyenational.org now redirects to thendalliance.org. Sources vary between ~20 and ~25 years since founding, so an exact year is left null."
visionaries-and-voices-cincinnati,Visionaries + Voices,,"Nonprofit studio in Cincinnati, founded in 2003, offering visual art space, materials, and exhibition opportunities to more than 125 artists with disabilities.",arts,intellectual-disability|neurodiversity-general,unknown,physical,US,United States,"Cincinnati, OH",39.1,-84.51,en,https://www.visionariesandvoices.com/,https://www.visionariesandvoices.com/mission,2003,2026-09-08,2026-09-08,editorial,
aletea-uruguay,Aletea,Aletea - Asociación civil uruguaya para el colectivo autista,"A Montevideo civil association of families and professionals working for the social inclusion of autistic people in Uruguay from a neurodiversity and social-model-of-disability framework, offering training, multidisciplinary support and advocacy.",advocacy,autism,ally-led,hybrid,UY,Uruguay,Montevideo,-34.9,-56.16,es,https://aletea.org/,https://aletea.org/,2017,2026-09-08,2026-09-08,editorial,"Family- and professional-run rather than self-advocacy-led, but explicitly adopts the neurodiversity paradigm."
radio-vilardevoz-orgullo-loco-uy,Radio Vilardevoz / Mad Pride Uruguay,Radio Vilardevoz / Orgullo Loco Uruguay,"A psychiatric-survivor-led community radio and cultural project born in 1997 at the Vilardebó psychiatric hospital in Montevideo, now running a cultural space and organizing Uruguay's Mad Pride marches against institutionalization and electroshock.",community,mad-pride|psychosis,nd-led,hybrid,UY,Uruguay,Montevideo (Ciudad Vieja),-34.91,-56.21,es,https://radiovilardevoz.org/,https://psico.edu.uy/presencias-en-medios/orgullo-loco,1997,2026-09-08,2026-09-08,editorial,"Ran Uruguay's first Mad Pride march in Plaza Independencia, September 21, 2023; site active with posts through September 2026."
ruatdah-uruguay,RUATDAH (Uruguayan ADHD Support Network),Red Uruguaya de Apoyo al TDAH,"A family-led Uruguayan network created because no organization previously existed to support people with ADHD, providing information, guidance and community for families and advocating for better public policy on diagnosis and treatment.",advocacy,adhd,ally-led,hybrid,UY,Uruguay,Montevideo,-34.89,-56.14,es,https://www.ruatdah.com/sobre-nosotros,https://www.ruatdah.com/sobre-nosotros,,2026-09-08,2026-09-08,editorial,Explicitly family-run rather than adult-ADHD self-advocacy; site actively maintained with recent articles and event promotion.
vietnam-autism-network,Vietnam Autism Network (VAN),Mạng lưới Tự kỷ Việt Nam,"Voluntary nonprofit network of parents, autism specialists, and autistic individuals recognised by Vietnam's Ministry of Labour, running national autism awareness activities.",advocacy,autism,mixed,hybrid,VN,Vietnam,Ho Chi Minh City,10.82,106.63,vi,https://vietnamautism.net/,https://vietnamautism.net/lich-su,2013,2026-09-08,2026-09-08,editorial,Governing board is elected from parent-group representatives across six provinces/cities; member of the ASEAN Autism Network.
